"ID;Nome;Cognome;Data di nascita;Indirizzo;DocumentoID"
"1;Mario;Rossi;23/02/1990;Via Roma 17 Torino;AS3489450"
"2;Laura;Monte;02/10/1986;Corso Grosseto 20 Roma;ER4858598"
"3;Giovanna;Dante;09/07/1995;Via Piave 89 Napoli;RT6790599"
10;Josu;Pizz;02/02/1996;via santa lucia 56;Ac233BC
2;JOus;Pizxz;02/02/2000;asdsadasdasdasda;sadasdas
1;sad;asd;02/02/0200;sadasdas;sadasd
1;sfds;sdfsdf;02/08/2002;sdfsdfsdf;dsfsdfsd
21;sdfds;sdfsdf;02/05/2012;sdfdsfsdf;sdfsdf
5;dsf;sdf;25/02/2000;sdffsd;dsfsdf
2;sd;asd;02/08/2000;sadc;sad
1;fd;fd;02/05/2015;dfgd;dfgd
2;df;sdf;02/02/1999;sdf;sdf
1;asd;asd;02/02/1999;asd;asd
2;sd;sd;02/08/2022;sd;sd
2;sd;asd;02/08/2022;asdasda;asdasd
1;asd;asd;02/08/2011;sd;asd
2;sdfsdf;sdfsd;02/08/2000;sdf;sdf
1;sda;sdf;02/06/2021;dfsdf;sdfsdf
52;asd;asd;02/08/2156;asd;asd
1;f;f;02/05/2000;sdf;sdf
1;fd;fd;02/08/2001;df;sdf
1;dsf;sdf;02/08/2001;sadf;dsaf
